country_code,year,reporting_pop,region_code,welfare_type
ABW,1981,60563,LCN,income
ABW,1982,61276,LCN,income
ABW,1983,62228,LCN,income
ABW,1984,62901,LCN,income
ABW,1985,61728,LCN,income
ABW,1986,59931,LCN,income
ABW,1987,59159,LCN,income
ABW,1988,59331,LCN,income
ABW,1989,60443,LCN,income
ABW,1990,62753,LCN,income
ABW,1991,65896,LCN,consumption
ABW,1992,69005,LCN,consumption
ABW,1993,73685,LCN,consumption
ABW,1994,77595,LCN,income
ABW,1995,79805,LCN,income
ABW,1996,83021,LCN,income
ABW,1997,86301,LCN,income
ABW,1998,88451,LCN,income
ABW,1999,89659,LCN,income
ABW,2000,90588,LCN,income
ABW,2001,91439,LCN,income
ABW,2002,92074,LCN,income
ABW,2003,93128,LCN,income
ABW,2004,95138,LCN,income
ABW,2005,97635,LCN,income
ABW,2006,99405,LCN,income
ABW,2007,100150,LCN,income
ABW,2008,100917,LCN,income
ABW,2009,101604,LCN,income
ABW,2010,101838,LCN,income
ABW,2011,102591,LCN,income
ABW,2012,104110,LCN,income
ABW,2013,105675,LCN,income
ABW,2014,106807,LCN,income
ABW,2015,107906,LCN,income
ABW,2016,108727,LCN,income
ABW,2017,108735,LCN,income
ABW,2018,108908,LCN,income
ABW,2019,109203,LCN,income
ABW,2020,108587,LCN,income
ABW,2021,107700,LCN,income
ABW,2022,107310,LCN,income
ABW,2023,107359,LCN,income
ABW,2024,107995,LCN,income
ABW,2025,108031,LCN,income
ABW,2026,108009,LCN,income
AFG,1981,11937581,MEA,consumption
AFG,1982,10991378,MEA,consumption
AFG,1983,10917982,MEA,consumption
AFG,1984,11190221,MEA,consumption
AFG,1985,11426852,MEA,consumption
AFG,1986,11420074,MEA,consumption
AFG,1987,11387818,MEA,consumption
AFG,1988,11523298,MEA,consumption
AFG,1989,11874088,MEA,consumption
AFG,1990,12045660,MEA,consumption
AFG,1991,12238879,MEA,consumption
AFG,1992,13278974,MEA,consumption
AFG,1993,14943172,MEA,consumption
AFG,1994,16250794,MEA,consumption
AFG,1995,17065836,MEA,consumption
AFG,1996,17763266,MEA,consumption
AFG,1997,18452091,MEA,consumption
AFG,1998,19159996,MEA,consumption
AFG,1999,19887785,MEA,consumption
AFG,2000,20130327,MEA,consumption
AFG,2001,20284307,MEA,consumption
AFG,2002,21378117,MEA,consumption
AFG,2003,22733049,MEA,consumption
AFG,2004,23560654,MEA,consumption
AFG,2005,24404567,MEA,consumption
AFG,2006,25424094,MEA,consumption
AFG,2007,25909852,MEA,consumption
AFG,2008,26482622,MEA,consumption
AFG,2009,27466101,MEA,consumption
AFG,2010,28284089,MEA,consumption
AFG,2011,29347708,MEA,consumption
AFG,2012,30560034,MEA,consumption
AFG,2013,31622704,MEA,consumption
AFG,2014,32792523,MEA,consumption
AFG,2015,33831764,MEA,consumption
AFG,2016,34700612,MEA,consumption
AFG,2017,35688935,MEA,consumption
AFG,2018,36743039,MEA,consumption
AFG,2019,37856121,MEA,consumption
AFG,2020,39068979,MEA,consumption
AFG,2021,40000412,MEA,consumption
AFG,2022,40578842,MEA,consumption
AFG,2023,41454761,MEA,consumption
AFG,2024,42647492,MEA,consumption
AFG,2025,43844111,MEA,consumption
AFG,2026,45047069,MEA,consumption
AND,1981,37169,ECS,income
AND,1982,38764,ECS,income
AND,1983,40565,ECS,income
AND,1984,42273,ECS,income
AND,1985,43825,ECS,income
AND,1986,45734,ECS,income
AND,1987,47653,ECS,income
AND,1988,49416,ECS,income
AND,1989,50620,ECS,income
AND,1990,52597,ECS,income
AND,1991,56667,ECS,income
AND,1992,60200,ECS,income
AND,1993,63272,ECS,income
AND,1994,64612,ECS,income
AND,1995,63912,ECS,income
AND,1996,63984,ECS,income
AND,1997,64700,ECS,income
AND,1998,65382,ECS,income
AND,1999,65710,ECS,income
AND,2000,65685,ECS,income
AND,2001,65852,ECS,income
AND,2002,66506,ECS,income
AND,2003,69486,ECS,income
AND,2004,74325,ECS,income
AND,2005,77421,ECS,income
AND,2006,79585,ECS,income
AND,2007,81877,ECS,income
AND,2008,83495,ECS,income
AND,2009,83888,ECS,income
AND,2010,80706,ECS,income
AND,2011,77783,ECS,income
AND,2012,76834,ECS,income
AND,2013,75194,ECS,income
AND,2014,73737,ECS,income
AND,2015,72174,ECS,income
AND,2016,72181,ECS,income
AND,2017,73763,ECS,income
AND,2018,75162,ECS,income
AND,2019,76474,ECS,income
AND,2020,77380,ECS,income
AND,2021,78364,ECS,income
AND,2022,79705,ECS,income
AND,2023,80856,ECS,income
AND,2024,81938,ECS,income
AND,2025,82904,ECS,income
AND,2026,83753,ECS,income
ASM,1981,33584,EAS,income
ASM,1982,34909,EAS,income
ASM,1983,36271,EAS,income
ASM,1984,37667,EAS,income
ASM,1985,39103,EAS,income
ASM,1986,40571,EAS,income
ASM,1987,42072,EAS,income
ASM,1988,43615,EAS,income
ASM,1989,45191,EAS,income
ASM,1990,46640,EAS,consumption
ASM,1991,47882,EAS,consumption
ASM,1992,49038,EAS,consumption
ASM,1993,50159,EAS,consumption
ASM,1994,51251,EAS,consumption
ASM,1995,52316,EAS,consumption
ASM,1996,53353,EAS,consumption
ASM,1997,54362,EAS,consumption
ASM,1998,55334,EAS,consumption
ASM,1999,56248,EAS,consumption
ASM,2000,56855,EAS,consumption
ASM,2001,57053,EAS,consumption
ASM,2002,57062,EAS,consumption
ASM,2003,56971,EAS,consumption
ASM,2004,56818,EAS,consumption
ASM,2005,56617,EAS,consumption
ASM,2006,56374,EAS,consumption
ASM,2007,56113,EAS,consumption
ASM,2008,55828,EAS,consumption
ASM,2009,55528,EAS,consumption
ASM,2010,55228,EAS,consumption
ASM,2011,54895,EAS,consumption
ASM,2012,54489,EAS,consumption
ASM,2013,54006,EAS,consumption
ASM,2014,53466,EAS,consumption
ASM,2015,52878,EAS,consumption
ASM,2016,52245,EAS,consumption
ASM,2017,51586,EAS,consumption
ASM,2018,50908,EAS,consumption
ASM,2019,50209,EAS,consumption
ASM,2020,49761,EAS,consumption
ASM,2021,49225,EAS,consumption
ASM,2022,48342,EAS,income
ASM,2023,47521,EAS,income
ASM,2024,46765,EAS,income
ASM,2025,46029,EAS,income
ASM,2026,45319,EAS,income
ATG,1981,64665,LCN,consumption
ATG,1982,64785,LCN,consumption
ATG,1983,64934,LCN,consumption
ATG,1984,64882,LCN,consumption
ATG,1985,64591,LCN,consumption
ATG,1986,64276,LCN,consumption
ATG,1987,63946,LCN,consumption
ATG,1988,63623,LCN,consumption
ATG,1989,63325,LCN,consumption
ATG,1990,63066,LCN,consumption
ATG,1991,63387,LCN,consumption
ATG,1992,64404,LCN,consumption
ATG,1993,65587,LCN,consumption
ATG,1994,66843,LCN,consumption
ATG,1995,68189,LCN,consumption
ATG,1996,69612,LCN,consumption
ATG,1997,71053,LCN,consumption
ATG,1998,72412,LCN,consumption
ATG,1999,73666,LCN,consumption
ATG,2000,74912,LCN,consumption
ATG,2001,76069,LCN,consumption
ATG,2002,77032,LCN,income
ATG,2003,77884,LCN,consumption
ATG,2004,78719,LCN,consumption
ATG,2005,79611,LCN,income
ATG,2006,80604,LCN,income
ATG,2007,81704,LCN,income
ATG,2008,82912,LCN,income
ATG,2009,84173,LCN,consumption
ATG,2010,85320,LCN,consumption
ATG,2011,86332,LCN,consumption
ATG,2012,87260,LCN,income
ATG,2013,88064,LCN,income
ATG,2014,88765,LCN,income
ATG,2015,89409,LCN,income
ATG,2016,89969,LCN,income
ATG,2017,90468,LCN,income
ATG,2018,90926,LCN,income
ATG,2019,91364,LCN,income
ATG,2020,91846,LCN,income
ATG,2021,92349,LCN,income
ATG,2022,92840,LCN,income
ATG,2023,93316,LCN,income
ATG,2024,93772,LCN,income
ATG,2025,94209,LCN,income
ATG,2026,94626,LCN,income
BHR,1981,373524,MEA,income
BHR,1982,386983,MEA,income
BHR,1983,400707,MEA,income
BHR,1984,415154,MEA,income
BHR,1985,430358,MEA,income
BHR,1986,446286,MEA,income
BHR,1987,462854,MEA,income
BHR,1988,479929,MEA,income
BHR,1989,497327,MEA,income
BHR,1990,514797,MEA,consumption
BHR,1991,503052,MEA,consumption
BHR,1992,516458,MEA,consumption
BHR,1993,530225,MEA,consumption
BHR,1994,544366,MEA,consumption
BHR,1995,558879,MEA,consumption
BHR,1996,573792,MEA,consumption
BHR,1997,589115,MEA,consumption
BHR,1998,604842,MEA,consumption
BHR,1999,620989,MEA,consumption
BHR,2000,637582,MEA,consumption
BHR,2001,661316,MEA,income
BHR,2002,710553,MEA,income
BHR,2003,764517,MEA,income
BHR,2004,823741,MEA,income
BHR,2005,888822,MEA,income
BHR,2006,960424,MEA,income
BHR,2007,1039295,MEA,income
BHR,2008,1103496,MEA,income
BHR,2009,1178415,MEA,income
BHR,2010,1228543,MEA,income
BHR,2011,1195020,MEA,income
BHR,2012,1208964,MEA,income
BHR,2013,1253191,MEA,income
BHR,2014,1314562,MEA,income
BHR,2015,1370322,MEA,income
BHR,2016,1423726,MEA,income
BHR,2017,1501116,MEA,income
BHR,2018,1503091,MEA,income
BHR,2019,1483756,MEA,income
BHR,2020,1472204,MEA,income
BHR,2021,1504365,MEA,income
BHR,2022,1524693,MEA,income
BHR,2023,1577059,MEA,income
BHR,2024,1588670,MEA,income
BHR,2025,1622245,MEA,income
BHR,2026,1652147,MEA,income
BHS,1981,236614,LCN,income
BHS,1982,240614,LCN,income
BHS,1983,244698,LCN,income
BHS,1984,248863,LCN,income
BHS,1985,253154,LCN,income
BHS,1986,257536,LCN,income
BHS,1987,261935,LCN,income
BHS,1988,266448,LCN,income
BHS,1989,271178,LCN,income
BHS,1990,275945,LCN,income
BHS,1991,280731,LCN,income
BHS,1992,285927,LCN,income
BHS,1993,291339,LCN,income
BHS,1994,296509,LCN,income
BHS,1995,301461,LCN,income
BHS,1996,306268,LCN,income
BHS,1997,310904,LCN,income
BHS,1998,315368,LCN,income
BHS,1999,319614,LCN,income
BHS,2000,323835,LCN,income
BHS,2001,327836,LCN,income
BHS,2002,331614,LCN,income
BHS,2003,335618,LCN,income
BHS,2004,339782,LCN,income
BHS,2005,343894,LCN,income
BHS,2006,348375,LCN,income
BHS,2007,353334,LCN,income
BHS,2008,358120,LCN,income
BHS,2009,362810,LCN,income
BHS,2010,367478,LCN,income
BHS,2011,371729,LCN,income
BHS,2012,375469,LCN,income
BHS,2013,378953,LCN,income
BHS,2014,382298,LCN,income
BHS,2015,385346,LCN,income
BHS,2016,388055,LCN,income
BHS,2017,390485,LCN,income
BHS,2018,392717,LCN,income
BHS,2019,394675,LCN,income
BHS,2020,395863,LCN,income
BHS,2021,396373,LCN,income
BHS,2022,397538,LCN,income
BHS,2023,399440,LCN,income
BHS,2024,401283,LCN,income
BHS,2025,403033,LCN,income
BHS,2026,404628,LCN,income
BMU,1981,53997,NAC,income
BMU,1982,54387,NAC,income
BMU,1983,54777,NAC,income
BMU,1984,55169,NAC,income
BMU,1985,55547,NAC,income
BMU,1986,55889,NAC,income
BMU,1987,56265,NAC,income
BMU,1988,56699,NAC,income
BMU,1989,57129,NAC,income
BMU,1990,57559,NAC,income
BMU,1991,57984,NAC,income
BMU,1992,58407,NAC,income
BMU,1993,58816,NAC,income
BMU,1994,59194,NAC,income
BMU,1995,59526,NAC,income
BMU,1996,59813,NAC,income
BMU,1997,60177,NAC,income
BMU,1998,60639,NAC,income
BMU,1999,61124,NAC,income
BMU,2000,61550,NAC,income
BMU,2001,61867,NAC,income
BMU,2002,62142,NAC,income
BMU,2003,62386,NAC,income
BMU,2004,62555,NAC,income
BMU,2005,62711,NAC,income
BMU,2006,62834,NAC,income
BMU,2007,63010,NAC,income
BMU,2008,63300,NAC,income
BMU,2009,63565,NAC,income
BMU,2010,63725,NAC,income
BMU,2011,63733,NAC,income
BMU,2012,63646,NAC,income
BMU,2013,63574,NAC,income
BMU,2014,63529,NAC,income
BMU,2015,63464,NAC,income
BMU,2016,63449,NAC,income
BMU,2017,63578,NAC,income
BMU,2018,63831,NAC,income
BMU,2019,64107,NAC,income
BMU,2020,64382,NAC,income
BMU,2021,64648,NAC,income
BMU,2022,64749,NAC,income
BMU,2023,64698,NAC,income
BMU,2024,64636,NAC,income
BMU,2025,64555,NAC,income
BMU,2026,64459,NAC,income
BRN,1981,191977,EAS,income
BRN,1982,198165,EAS,income
BRN,1983,204741,EAS,income
BRN,1984,211661,EAS,income
BRN,1985,218919,EAS,income
BRN,1986,226495,EAS,income
BRN,1987,233860,EAS,income
BRN,1988,240913,EAS,income
BRN,1989,248064,EAS,income
BRN,1990,255292,EAS,income
BRN,1991,262596,EAS,income
BRN,1992,269839,EAS,income
BRN,1993,276971,EAS,income
BRN,1994,284091,EAS,income
BRN,1995,291195,EAS,income
BRN,1996,298276,EAS,income
BRN,1997,305341,EAS,income
BRN,1998,312385,EAS,income
BRN,1999,319411,EAS,income
BRN,2000,326424,EAS,income
BRN,2001,333345,EAS,income
BRN,2002,340099,EAS,income
BRN,2003,346637,EAS,income
BRN,2004,352911,EAS,income
BRN,2005,358916,EAS,income
BRN,2006,364663,EAS,income
BRN,2007,370873,EAS,income
BRN,2008,377793,EAS,income
BRN,2009,384952,EAS,income
BRN,2010,392332,EAS,income
BRN,2011,399389,EAS,income
BRN,2012,405557,EAS,income
BRN,2013,411202,EAS,income
BRN,2014,416750,EAS,income
BRN,2015,422212,EAS,income
BRN,2016,427564,EAS,income
BRN,2017,432772,EAS,income
BRN,2018,437810,EAS,income
BRN,2019,442680,EAS,income
BRN,2020,447404,EAS,income
BRN,2021,451721,EAS,income
BRN,2022,455370,EAS,income
BRN,2023,458949,EAS,income
BRN,2024,462721,EAS,income
BRN,2025,466330,EAS,income
BRN,2026,469775,EAS,income
CHI,1981,131078,ECS,income
CHI,1982,132172,ECS,income
CHI,1983,133413,ECS,income
CHI,1984,134727,ECS,income
CHI,1985,136075,ECS,income
CHI,1986,137413,ECS,income
CHI,1987,138743,ECS,income
CHI,1988,140089,ECS,income
CHI,1989,141501,ECS,income
CHI,1990,143087,ECS,income
CHI,1991,144269,ECS,income
CHI,1992,144733,ECS,income
CHI,1993,144984,ECS,income
CHI,1994,145163,ECS,income
CHI,1995,145247,ECS,income
CHI,1996,145565,ECS,income
CHI,1997,146214,ECS,income
CHI,1998,146906,ECS,income
CHI,1999,147554,ECS,income
CHI,2000,148110,ECS,income
CHI,2001,148850,ECS,income
CHI,2002,149881,ECS,income
CHI,2003,150960,ECS,income
CHI,2004,152039,ECS,income
CHI,2005,153126,ECS,income
CHI,2006,154214,ECS,income
CHI,2007,155309,ECS,income
CHI,2008,156408,ECS,income
CHI,2009,157511,ECS,income
CHI,2010,158621,ECS,income
CHI,2011,159706,ECS,income
CHI,2012,160767,ECS,income
CHI,2013,161777,ECS,income
CHI,2014,162726,ECS,income
CHI,2015,163454,ECS,income
CHI,2016,163883,ECS,income
CHI,2017,164319,ECS,income
CHI,2018,164949,ECS,income
CHI,2019,165639,ECS,income
CHI,2020,166235,ECS,income
CHI,2021,166741,ECS,income
CHI,2022,167215,ECS,income
CHI,2023,167691,ECS,income
CHI,2024,168126,ECS,income
CHI,2025,168466,ECS,income
CHI,2026,168715,ECS,income
CUB,1981,9849320,LCN,consumption
CUB,1982,9912681,LCN,consumption
CUB,1983,9991026,LCN,consumption
CUB,1984,10073299,LCN,consumption
CUB,1985,10157228,LCN,consumption
CUB,1986,10244247,LCN,consumption
CUB,1987,10335342,LCN,consumption
CUB,1988,10432585,LCN,consumption
CUB,1989,10533243,LCN,consumption
CUB,1990,10631799,LCN,consumption
CUB,1991,10717640,LCN,consumption
CUB,1992,10785801,LCN,consumption
CUB,1993,10841031,LCN,consumption
CUB,1994,10886021,LCN,consumption
CUB,1995,10925362,LCN,consumption
CUB,1996,10962010,LCN,consumption
CUB,1997,10997934,LCN,consumption
CUB,1998,11034712,LCN,consumption
CUB,1999,11072230,LCN,consumption
CUB,2000,11109109,LCN,consumption
CUB,2001,11144132,LCN,consumption
CUB,2002,11177418,LCN,consumption
CUB,2003,11209383,LCN,consumption
CUB,2004,11238756,LCN,consumption
CUB,2005,11262554,LCN,consumption
CUB,2006,11278550,LCN,consumption
CUB,2007,11287272,LCN,consumption
CUB,2008,11291762,LCN,consumption
CUB,2009,11294719,LCN,consumption
CUB,2010,11297409,LCN,consumption
CUB,2011,11301571,LCN,consumption
CUB,2012,11303175,LCN,consumption
CUB,2013,11298167,LCN,consumption
CUB,2014,11285775,LCN,consumption
CUB,2015,11275065,LCN,consumption
CUB,2016,11265612,LCN,consumption
CUB,2017,11247829,LCN,consumption
CUB,2018,11227118,LCN,consumption
CUB,2019,11202846,LCN,consumption
CUB,2020,11176354,LCN,consumption
CUB,2021,11122168,LCN,consumption
CUB,2022,11059820,LCN,consumption
CUB,2023,11019931,LCN,consumption
CUB,2024,10979783,LCN,consumption
CUB,2025,10937203,LCN,consumption
CUB,2026,10892659,LCN,consumption
CUW,1981,148629,LCN,income
CUW,1982,150101,LCN,income
CUW,1983,151159,LCN,income
CUW,1984,151940,LCN,income
CUW,1985,152711,LCN,income
CUW,1986,152662,LCN,income
CUW,1987,151456,LCN,income
CUW,1988,149254,LCN,income
CUW,1989,146937,LCN,income
CUW,1990,145400,LCN,income
CUW,1991,144403,LCN,income
CUW,1992,143912,LCN,income
CUW,1993,144299,LCN,income
CUW,1994,144630,LCN,income
CUW,1995,145139,LCN,income
CUW,1996,146306,LCN,income
CUW,1997,146956,LCN,income
CUW,1998,144472,LCN,income
CUW,1999,139428,LCN,income
CUW,2000,133860,LCN,income
CUW,2001,129047,LCN,income
CUW,2002,129205,LCN,income
CUW,2003,131897,LCN,income
CUW,2004,134192,LCN,income
CUW,2005,137658,LCN,income
CUW,2006,141239,LCN,income
CUW,2007,144056,LCN,income
CUW,2008,145880,LCN,income
CUW,2009,146833,LCN,income
CUW,2010,148703,LCN,income
CUW,2011,150831,LCN,income
CUW,2012,152088,LCN,income
CUW,2013,153822,LCN,income
CUW,2014,155909,LCN,income
CUW,2015,157980,LCN,income
CUW,2016,159664,LCN,income
CUW,2017,160175,LCN,income
CUW,2018,159336,LCN,income
CUW,2019,157441,LCN,income
CUW,2020,155482,LCN,income
CUW,2021,153948,LCN,income
CUW,2022,153321,LCN,income
CUW,2023,154654,LCN,income
CUW,2024,155967,LCN,income
CUW,2025,155975,LCN,income
CUW,2026,155952,LCN,income
CYM,1981,17905,LCN,income
CYM,1982,18750,LCN,income
CYM,1983,19598,LCN,income
CYM,1984,20454,LCN,income
CYM,1985,21324,LCN,income
CYM,1986,22197,LCN,income
CYM,1987,23073,LCN,income
CYM,1988,23951,LCN,income
CYM,1989,24874,LCN,income
CYM,1990,25999,LCN,income
CYM,1991,27294,LCN,income
CYM,1992,28621,LCN,income
CYM,1993,29976,LCN,income
CYM,1994,31352,LCN,income
CYM,1995,32743,LCN,income
CYM,1996,34143,LCN,income
CYM,1997,35543,LCN,income
CYM,1998,36922,LCN,income
CYM,1999,38284,LCN,income
CYM,2000,39674,LCN,income
CYM,2001,41089,LCN,income
CYM,2002,42514,LCN,income
CYM,2003,43934,LCN,income
CYM,2004,45352,LCN,income
CYM,2005,46788,LCN,income
CYM,2006,48232,LCN,income
CYM,2007,49687,LCN,income
CYM,2008,51151,LCN,income
CYM,2009,52618,LCN,income
CYM,2010,54099,LCN,income
CYM,2011,55606,LCN,income
CYM,2012,57136,LCN,income
CYM,2013,58655,LCN,income
CYM,2014,60160,LCN,income
CYM,2015,61642,LCN,income
CYM,2016,63100,LCN,income
CYM,2017,64535,LCN,income
CYM,2018,65941,LCN,income
CYM,2019,67327,LCN,income
CYM,2020,68684,LCN,income
CYM,2021,70108,LCN,income
CYM,2022,71591,LCN,income
CYM,2023,73038,LCN,income
CYM,2024,74457,LCN,income
CYM,2025,75844,LCN,income
CYM,2026,77196,LCN,income
DMA,1981,72986,LCN,consumption
DMA,1982,72688,LCN,consumption
DMA,1983,72365,LCN,consumption
DMA,1984,72056,LCN,consumption
DMA,1985,71744,LCN,consumption
DMA,1986,71406,LCN,consumption
DMA,1987,71023,LCN,consumption
DMA,1988,70608,LCN,consumption
DMA,1989,70153,LCN,consumption
DMA,1990,69627,LCN,consumption
DMA,1991,69296,LCN,consumption
DMA,1992,69325,LCN,consumption
DMA,1993,69433,LCN,consumption
DMA,1994,69477,LCN,consumption
DMA,1995,69469,LCN,consumption
DMA,1996,69410,LCN,consumption
DMA,1997,69299,LCN,consumption
DMA,1998,69124,LCN,consumption
DMA,1999,68870,LCN,consumption
DMA,2000,68511,LCN,consumption
DMA,2001,68288,LCN,consumption
DMA,2002,68367,LCN,consumption
DMA,2003,68531,LCN,consumption
DMA,2004,68649,LCN,consumption
DMA,2005,68734,LCN,consumption
DMA,2006,68806,LCN,consumption
DMA,2007,68847,LCN,consumption
DMA,2008,68854,LCN,consumption
DMA,2009,68864,LCN,consumption
DMA,2010,68859,LCN,consumption
DMA,2011,69053,LCN,consumption
DMA,2012,69118,LCN,consumption
DMA,2013,69715,LCN,consumption
DMA,2014,70373,LCN,consumption
DMA,2015,70410,LCN,consumption
DMA,2016,69606,LCN,consumption
DMA,2017,68496,LCN,consumption
DMA,2018,68174,LCN,consumption
DMA,2019,67880,LCN,consumption
DMA,2020,67573,LCN,consumption
DMA,2021,67202,LCN,consumption
DMA,2022,66826,LCN,consumption
DMA,2023,66510,LCN,consumption
DMA,2024,66205,LCN,consumption
DMA,2025,65871,LCN,consumption
DMA,2026,65511,LCN,consumption
ERI,1981,1649939,SSF,consumption
ERI,1982,1695461,SSF,consumption
ERI,1983,1736160,SSF,consumption
ERI,1984,1771730,SSF,consumption
ERI,1985,1807816,SSF,consumption
ERI,1986,1845164,SSF,consumption
ERI,1987,1888669,SSF,consumption
ERI,1988,1938255,SSF,consumption
ERI,1989,1987017,SSF,consumption
ERI,1990,2032737,SSF,consumption
ERI,1991,1919571,SSF,consumption
ERI,1992,1798748,SSF,consumption
ERI,1993,1856006,SSF,consumption
ERI,1994,1913915,SSF,consumption
ERI,1995,2025267,SSF,consumption
ERI,1996,2128464,SSF,consumption
ERI,1997,2152135,SSF,consumption
ERI,1998,2180419,SSF,consumption
ERI,1999,2212780,SSF,consumption
ERI,2000,2247031,SSF,consumption
ERI,2001,2312079,SSF,consumption
ERI,2002,2392978,SSF,consumption
ERI,2003,2493903,SSF,consumption
ERI,2004,2598284,SSF,consumption
ERI,2005,2661215,SSF,consumption
ERI,2006,2703502,SSF,consumption
ERI,2007,2743222,SSF,consumption
ERI,2008,2816327,SSF,consumption
ERI,2009,2887885,SSF,consumption
ERI,2010,2945186,SSF,consumption
ERI,2011,2998485,SSF,consumption
ERI,2012,3036988,SSF,consumption
ERI,2013,3074360,SSF,consumption
ERI,2014,3095173,SSF,consumption
ERI,2015,3105546,SSF,consumption
ERI,2016,3124698,SSF,consumption
ERI,2017,3150347,SSF,consumption
ERI,2018,3192760,SSF,consumption
ERI,2019,3240194,SSF,consumption
ERI,2020,3291271,SSF,consumption
ERI,2021,3350183,SSF,consumption
ERI,2022,3409447,SSF,consumption
ERI,2023,3470390,SSF,consumption
ERI,2024,3535603,SSF,consumption
ERI,2025,3607003,SSF,consumption
ERI,2026,3682669,SSF,consumption
FRO,1981,43626,ECS,income
FRO,1982,44171,ECS,income
FRO,1983,44670,ECS,income
FRO,1984,45141,ECS,income
FRO,1985,45707,ECS,income
FRO,1986,46131,ECS,income
FRO,1987,46701,ECS,income
FRO,1988,47355,ECS,income
FRO,1989,47958,ECS,income
FRO,1990,47740,ECS,income
FRO,1991,47447,ECS,income
FRO,1992,47287,ECS,income
FRO,1993,46474,ECS,income
FRO,1994,44695,ECS,income
FRO,1995,43611,ECS,income
FRO,1996,43581,ECS,income
FRO,1997,44132,ECS,income
FRO,1998,44674,ECS,income
FRO,1999,45146,ECS,income
FRO,2000,45754,ECS,income
FRO,2001,46635,ECS,income
FRO,2002,47335,ECS,income
FRO,2003,48032,ECS,income
FRO,2004,48384,ECS,income
FRO,2005,48359,ECS,income
FRO,2006,48335,ECS,income
FRO,2007,48378,ECS,income
FRO,2008,48547,ECS,income
FRO,2009,48791,ECS,income
FRO,2010,48657,ECS,income
FRO,2011,48543,ECS,income
FRO,2012,48291,ECS,income
FRO,2013,48246,ECS,income
FRO,2014,48428,ECS,income
FRO,2015,48899,ECS,income
FRO,2016,49464,ECS,income
FRO,2017,50180,ECS,income
FRO,2018,50996,ECS,income
FRO,2019,51792,ECS,income
FRO,2020,52565,ECS,income
FRO,2021,53296,ECS,income
FRO,2022,53912,ECS,income
FRO,2023,54414,ECS,income
FRO,2024,54681,ECS,income
FRO,2025,55275,ECS,income
FRO,2026,55792,ECS,income
GIB,1981,28740,ECS,consumption
GIB,1982,28765,ECS,consumption
GIB,1983,28733,ECS,consumption
GIB,1984,28643,ECS,consumption
GIB,1985,28512,ECS,consumption
GIB,1986,28328,ECS,consumption
GIB,1987,28096,ECS,consumption
GIB,1988,27839,ECS,consumption
GIB,1989,27544,ECS,consumption
GIB,1990,27200,ECS,consumption
GIB,1991,26898,ECS,consumption
GIB,1992,26878,ECS,consumption
GIB,1993,27070,ECS,consumption
GIB,1994,27239,ECS,income
GIB,1995,27377,ECS,income
GIB,1996,27487,ECS,income
GIB,1997,27582,ECS,income
GIB,1998,27650,ECS,income
GIB,1999,27692,ECS,income
GIB,2000,27709,ECS,income
GIB,2001,27657,ECS,income
GIB,2002,27831,ECS,income
GIB,2003,28274,ECS,income
GIB,2004,28715,ECS,income
GIB,2005,29163,ECS,income
GIB,2006,29594,ECS,income
GIB,2007,30006,ECS,income
GIB,2008,30413,ECS,income
GIB,2009,30823,ECS,income
GIB,2010,31248,ECS,income
GIB,2011,31660,ECS,income
GIB,2012,32029,ECS,income
GIB,2013,32407,ECS,income
GIB,2014,32813,ECS,income
GIB,2015,33193,ECS,income
GIB,2016,33658,ECS,income
GIB,2017,34245,ECS,income
GIB,2018,34854,ECS,income
GIB,2019,35494,ECS,income
GIB,2020,36173,ECS,income
GIB,2021,36858,ECS,income
GIB,2022,37609,ECS,income
GIB,2023,38471,ECS,income
GIB,2024,39329,ECS,income
GIB,2025,40126,ECS,income
GIB,2026,40867,ECS,income
GRL,1981,51000,ECS,income
GRL,1982,51500,ECS,income
GRL,1983,52100,ECS,income
GRL,1984,52700,ECS,income
GRL,1985,53200,ECS,income
GRL,1986,53500,ECS,income
GRL,1987,54100,ECS,income
GRL,1988,54800,ECS,income
GRL,1989,55300,ECS,income
GRL,1990,55600,ECS,income
GRL,1991,55500,ECS,income
GRL,1992,55300,ECS,income
GRL,1993,55200,ECS,income
GRL,1994,55500,ECS,income
GRL,1995,55800,ECS,income
GRL,1996,55900,ECS,income
GRL,1997,56000,ECS,income
GRL,1998,56100,ECS,income
GRL,1999,56100,ECS,income
GRL,2000,56185,ECS,income
GRL,2001,56379,ECS,income
GRL,2002,56595,ECS,income
GRL,2003,56751,ECS,income
GRL,2004,56898,ECS,income
GRL,2005,56935,ECS,income
GRL,2006,56775,ECS,income
GRL,2007,56555,ECS,income
GRL,2008,56328,ECS,income
GRL,2009,56323,ECS,income
GRL,2010,56534,ECS,income
GRL,2011,56890,ECS,income
GRL,2012,56810,ECS,income
GRL,2013,56483,ECS,income
GRL,2014,56295,ECS,income
GRL,2015,56114,ECS,income
GRL,2016,56186,ECS,income
GRL,2017,56172,ECS,income
GRL,2018,56023,ECS,income
GRL,2019,56225,ECS,income
GRL,2020,56367,ECS,income
GRL,2021,56653,ECS,income
GRL,2022,56661,ECS,income
GRL,2023,56865,ECS,income
GRL,2024,56836,ECS,income
GRL,2025,56739,ECS,income
GRL,2026,56621,ECS,income
GUM,1981,112902,EAS,income
GUM,1982,115711,EAS,income
GUM,1983,118508,EAS,income
GUM,1984,121302,EAS,income
GUM,1985,124117,EAS,income
GUM,1986,126965,EAS,income
GUM,1987,129858,EAS,income
GUM,1988,132799,EAS,income
GUM,1989,135799,EAS,income
GUM,1990,138610,EAS,consumption
GUM,1991,141073,EAS,consumption
GUM,1992,143393,EAS,consumption
GUM,1993,145654,EAS,consumption
GUM,1994,147868,EAS,consumption
GUM,1995,150054,EAS,income
GUM,1996,152169,EAS,income
GUM,1997,154215,EAS,income
GUM,1998,156237,EAS,income
GUM,1999,158289,EAS,income
GUM,2000,160065,EAS,income
GUM,2001,161329,EAS,income
GUM,2002,162315,EAS,income
GUM,2003,163137,EAS,income
GUM,2004,163810,EAS,income
GUM,2005,164365,EAS,income
GUM,2006,164839,EAS,income
GUM,2007,165267,EAS,income
GUM,2008,165693,EAS,income
GUM,2009,166173,EAS,income
GUM,2010,166522,EAS,income
GUM,2011,166543,EAS,income
GUM,2012,166331,EAS,income
GUM,2013,165966,EAS,income
GUM,2014,165486,EAS,income
GUM,2015,164905,EAS,income
GUM,2016,164233,EAS,income
GUM,2017,163490,EAS,income
GUM,2018,162679,EAS,income
GUM,2019,161808,EAS,income
GUM,2020,162158,EAS,income
GUM,2021,163730,EAS,income
GUM,2022,165180,EAS,income
GUM,2023,166506,EAS,income
GUM,2024,167777,EAS,income
GUM,2025,168999,EAS,income
GUM,2026,170185,EAS,income
HKG,1981,5183400,EAS,income
HKG,1982,5264500,EAS,income
HKG,1983,5345100,EAS,income
HKG,1984,5397900,EAS,income
HKG,1985,5456200,EAS,income
HKG,1986,5524600,EAS,income
HKG,1987,5580500,EAS,income
HKG,1988,5627600,EAS,income
HKG,1989,5686200,EAS,income
HKG,1990,5704500,EAS,income
HKG,1991,5752000,EAS,income
HKG,1992,5800500,EAS,income
HKG,1993,5901000,EAS,income
HKG,1994,6035400,EAS,income
HKG,1995,6156100,EAS,income
HKG,1996,6435500,EAS,income
HKG,1997,6489300,EAS,income
HKG,1998,6543700,EAS,income
HKG,1999,6606500,EAS,income
HKG,2000,6665000,EAS,income
HKG,2001,6714300,EAS,income
HKG,2002,6744100,EAS,income
HKG,2003,6730800,EAS,income
HKG,2004,6783500,EAS,income
HKG,2005,6813200,EAS,income
HKG,2006,6857100,EAS,income
HKG,2007,6916300,EAS,income
HKG,2008,6957800,EAS,income
HKG,2009,6972800,EAS,income
HKG,2010,7024200,EAS,income
HKG,2011,7071600,EAS,income
HKG,2012,7150100,EAS,income
HKG,2013,7178900,EAS,income
HKG,2014,7229500,EAS,income
HKG,2015,7291300,EAS,income
HKG,2016,7336600,EAS,income
HKG,2017,7393200,EAS,income
HKG,2018,7452600,EAS,income
HKG,2019,7507900,EAS,income
HKG,2020,7481000,EAS,income
HKG,2021,7413100,EAS,income
HKG,2022,7346100,EAS,income
HKG,2023,7536100,EAS,income
HKG,2024,7524100,EAS,income
HKG,2025,7522034,EAS,income
HKG,2026,7487520,EAS,income
IMN,1981,64596,ECS,income
IMN,1982,64686,ECS,income
IMN,1983,64630,ECS,income
IMN,1984,64528,ECS,income
IMN,1985,64401,ECS,income
IMN,1986,64695,ECS,income
IMN,1987,65597,ECS,income
IMN,1988,66680,ECS,income
IMN,1989,67790,ECS,income
IMN,1990,68916,ECS,consumption
IMN,1991,69808,ECS,consumption
IMN,1992,70353,ECS,consumption
IMN,1993,70772,ECS,consumption
IMN,1994,71168,ECS,consumption
IMN,1995,71513,ECS,consumption
IMN,1996,72047,ECS,consumption
IMN,1997,72909,ECS,consumption
IMN,1998,73861,ECS,consumption
IMN,1999,74790,ECS,consumption
IMN,2000,75659,ECS,consumption
IMN,2001,76476,ECS,consumption
IMN,2002,77275,ECS,income
IMN,2003,78049,ECS,income
IMN,2004,78792,ECS,income
IMN,2005,79516,ECS,income
IMN,2006,80294,ECS,income
IMN,2007,81147,ECS,income
IMN,2008,82029,ECS,income
IMN,2009,82939,ECS,income
IMN,2010,83873,ECS,income
IMN,2011,84382,ECS,income
IMN,2012,84335,ECS,income
IMN,2013,84141,ECS,income
IMN,2014,83892,ECS,income
IMN,2015,83593,ECS,income
IMN,2016,83466,ECS,income
IMN,2017,83609,ECS,income
IMN,2018,83805,ECS,income
IMN,2019,83957,ECS,income
IMN,2020,84064,ECS,income
IMN,2021,84106,ECS,income
IMN,2022,84132,ECS,income
IMN,2023,84165,ECS,income
IMN,2024,84160,ECS,income
IMN,2025,84118,ECS,income
IMN,2026,84055,ECS,income
KHM,1981,5284495,EAS,consumption
KHM,1982,5436432,EAS,consumption
KHM,1983,5636203,EAS,consumption
KHM,1984,5845117,EAS,consumption
KHM,1985,6043783,EAS,consumption
KHM,1986,6285693,EAS,consumption
KHM,1987,6557970,EAS,consumption
KHM,1988,6812014,EAS,consumption
KHM,1989,7073473,EAS,consumption
KHM,1990,7374752,EAS,consumption
KHM,1991,7686850,EAS,consumption
KHM,1992,8113083,EAS,consumption
KHM,1993,8616381,EAS,consumption
KHM,1994,9239162,EAS,consumption
KHM,1995,10018497,EAS,consumption
KHM,1996,10801270,EAS,consumption
KHM,1997,11570982,EAS,consumption
KHM,1998,12058173,EAS,consumption
KHM,1999,12265731,EAS,consumption
KHM,2000,12462336,EAS,consumption
KHM,2001,12658484,EAS,consumption
KHM,2002,12855241,EAS,consumption
KHM,2003,13050968,EAS,consumption
KHM,2004,13244731,EAS,consumption
KHM,2005,13439202,EAS,consumption
KHM,2006,13639028,EAS,consumption
KHM,2007,13841770,EAS,consumption
KHM,2008,14053479,EAS,consumption
KHM,2009,14276810,EAS,consumption
KHM,2010,14500726,EAS,consumption
KHM,2011,14722584,EAS,consumption
KHM,2012,14945085,EAS,consumption
KHM,2013,15170208,EAS,consumption
KHM,2014,15396772,EAS,consumption
KHM,2015,15623251,EAS,consumption
KHM,2016,15852803,EAS,consumption
KHM,2017,16073372,EAS,consumption
KHM,2018,16274522,EAS,consumption
KHM,2019,16481304,EAS,consumption
KHM,2020,16725474,EAS,consumption
KHM,2021,16974305,EAS,consumption
KHM,2022,17201724,EAS,consumption
KHM,2023,17423880,EAS,consumption
KHM,2024,17638801,EAS,consumption
KHM,2025,17847982,EAS,consumption
KHM,2026,18051219,EAS,consumption
KNA,1981,42698,LCN,consumption
KNA,1982,42532,LCN,consumption
KNA,1983,42334,LCN,consumption
KNA,1984,42113,LCN,consumption
KNA,1985,41874,LCN,consumption
KNA,1986,41618,LCN,consumption
KNA,1987,41348,LCN,consumption
KNA,1988,41062,LCN,consumption
KNA,1989,40758,LCN,consumption
KNA,1990,40432,LCN,consumption
KNA,1991,40358,LCN,consumption
KNA,1992,40715,LCN,consumption
KNA,1993,41242,LCN,consumption
KNA,1994,41776,LCN,consumption
KNA,1995,42326,LCN,consumption
KNA,1996,42877,LCN,consumption
KNA,1997,43428,LCN,consumption
KNA,1998,43998,LCN,consumption
KNA,1999,44601,LCN,consumption
KNA,2000,45248,LCN,consumption
KNA,2001,45761,LCN,consumption
KNA,2002,46020,LCN,consumption
KNA,2003,46176,LCN,consumption
KNA,2004,46315,LCN,consumption
KNA,2005,46437,LCN,consumption
KNA,2006,46569,LCN,consumption
KNA,2007,46706,LCN,consumption
KNA,2008,46835,LCN,consumption
KNA,2009,46916,LCN,consumption
KNA,2010,46846,LCN,consumption
KNA,2011,46886,LCN,income
KNA,2012,47033,LCN,income
KNA,2013,47069,LCN,income
KNA,2014,47089,LCN,income
KNA,2015,47087,LCN,income
KNA,2016,47075,LCN,income
KNA,2017,47050,LCN,income
KNA,2018,47008,LCN,income
KNA,2019,46952,LCN,income
KNA,2020,46870,LCN,income
KNA,2021,46763,LCN,income
KNA,2022,46709,LCN,income
KNA,2023,46758,LCN,income
KNA,2024,46843,LCN,income
KNA,2025,46922,LCN,income
KNA,2026,46992,LCN,income
KWT,1981,1583426,MEA,income
KWT,1982,1662480,MEA,income
KWT,1983,1744295,MEA,income
KWT,1984,1820688,MEA,income
KWT,1985,1894242,MEA,income
KWT,1986,1972520,MEA,income
KWT,1987,2052994,MEA,income
KWT,1988,2134707,MEA,income
KWT,1989,2217468,MEA,income
KWT,1990,1684819,MEA,income
KWT,1991,1351399,MEA,income
KWT,1992,1634961,MEA,income
KWT,1993,1672151,MEA,income
KWT,1994,1664361,MEA,income
KWT,1995,1681513,MEA,income
KWT,1996,1730246,MEA,income
KWT,1997,1787683,MEA,income
KWT,1998,1844302,MEA,income
KWT,1999,1900030,MEA,income
KWT,2000,1954709,MEA,income
KWT,2001,2008121,MEA,income
KWT,2002,2059974,MEA,income
KWT,2003,2109881,MEA,income
KWT,2004,2157320,MEA,income
KWT,2005,2236788,MEA,income
KWT,2006,2364733,MEA,income
KWT,2007,2507887,MEA,income
KWT,2008,2651421,MEA,income
KWT,2009,2795484,MEA,income
KWT,2010,2943372,MEA,income
KWT,2011,3132814,MEA,income
KWT,2012,3337109,MEA,income
KWT,2013,3507844,MEA,income
KWT,2014,3665876,MEA,income
KWT,2015,3834574,MEA,income
KWT,2016,4004096,MEA,income
KWT,2017,4154812,MEA,income
KWT,2018,4323515,MEA,income
KWT,2019,4442316,MEA,income
KWT,2020,4400267,MEA,income
KWT,2021,4360865,MEA,income
KWT,2022,4589643,MEA,income
KWT,2023,4853420,MEA,income
KWT,2024,4897263,MEA,income
KWT,2025,4978982,MEA,income
KWT,2026,5049352,MEA,income
LBY,1981,3621486,MEA,consumption
LBY,1982,3724765,MEA,consumption
LBY,1983,3718961,MEA,consumption
LBY,1984,3773633,MEA,consumption
LBY,1985,3898745,MEA,consumption
LBY,1986,4017403,MEA,consumption
LBY,1987,4129739,MEA,consumption
LBY,1988,4237755,MEA,consumption
LBY,1989,4342920,MEA,consumption
LBY,1990,4445239,MEA,consumption
LBY,1991,4544400,MEA,consumption
LBY,1992,4640352,MEA,consumption
LBY,1993,4733045,MEA,consumption
LBY,1994,4822037,MEA,consumption
LBY,1995,4906843,MEA,consumption
LBY,1996,4987393,MEA,consumption
LBY,1997,5064639,MEA,consumption
LBY,1998,5140704,MEA,consumption
LBY,1999,5218038,MEA,consumption
LBY,2000,5305021,MEA,consumption
LBY,2001,5403639,MEA,consumption
LBY,2002,5508410,MEA,consumption
LBY,2003,5619398,MEA,consumption
LBY,2004,5736693,MEA,consumption
LBY,2005,5858798,MEA,consumption
LBY,2006,5980211,MEA,consumption
LBY,2007,6104380,MEA,consumption
LBY,2008,6235430,MEA,consumption
LBY,2009,6366686,MEA,consumption
LBY,2010,6497839,MEA,consumption
LBY,2011,6343203,MEA,consumption
LBY,2012,6179328,MEA,consumption
LBY,2013,6304628,MEA,consumption
LBY,2014,6427252,MEA,consumption
LBY,2015,6531819,MEA,consumption
LBY,2016,6632126,MEA,consumption
LBY,2017,6738770,MEA,consumption
LBY,2018,6849055,MEA,consumption
LBY,2019,6951033,MEA,consumption
LBY,2020,7045399,MEA,consumption
LBY,2021,7135175,MEA,consumption
LBY,2022,7223805,MEA,consumption
LBY,2023,7305659,MEA,consumption
LBY,2024,7381023,MEA,consumption
LBY,2025,7458555,MEA,consumption
LBY,2026,7539851,MEA,consumption
LIE,1981,25673,ECS,income
LIE,1982,26255,ECS,income
LIE,1983,26446,ECS,income
LIE,1984,26596,ECS,income
LIE,1985,26878,ECS,income
LIE,1986,27238,ECS,income
LIE,1987,27557,ECS,income
LIE,1988,27948,ECS,income
LIE,1989,28317,ECS,income
LIE,1990,28742,ECS,income
LIE,1991,29209,ECS,income
LIE,1992,29627,ECS,income
LIE,1993,30089,ECS,income
LIE,1994,30470,ECS,income
LIE,1995,30776,ECS,income
LIE,1996,31033,ECS,income
LIE,1997,31232,ECS,income
LIE,1998,31668,ECS,income
LIE,1999,32221,ECS,income
LIE,2000,32645,ECS,income
LIE,2001,33194,ECS,income
LIE,2002,33694,ECS,income
LIE,2003,34079,ECS,income
LIE,2004,34447,ECS,income
LIE,2005,34753,ECS,income
LIE,2006,35037,ECS,income
LIE,2007,35262,ECS,income
LIE,2008,35473,ECS,income
LIE,2009,35742,ECS,income
LIE,2010,36022,ECS,income
LIE,2011,36312,ECS,income
LIE,2012,36657,ECS,income
LIE,2013,36984,ECS,income
LIE,2014,37248,ECS,income
LIE,2015,37494,ECS,income
LIE,2016,37716,ECS,income
LIE,2017,37962,ECS,income
LIE,2018,38246,ECS,income
LIE,2019,38563,ECS,income
LIE,2020,38901,ECS,income
LIE,2021,39182,ECS,income
LIE,2022,39493,ECS,income
LIE,2023,39846,ECS,income
LIE,2024,40450,ECS,income
LIE,2025,40712,ECS,income
LIE,2026,40955,ECS,income
MAC,1981,244800,EAS,consumption
MAC,1982,254650,EAS,consumption
MAC,1983,269300,EAS,consumption
MAC,1984,282850,EAS,consumption
MAC,1985,289700,EAS,consumption
MAC,1986,296050,EAS,consumption
MAC,1987,306850,EAS,consumption
MAC,1988,316000,EAS,consumption
MAC,1989,325100,EAS,consumption
MAC,1990,334950,EAS,consumption
MAC,1991,351650,EAS,consumption
MAC,1992,370900,EAS,consumption
MAC,1993,384000,EAS,consumption
MAC,1994,396800,EAS,income
MAC,1995,409300,EAS,income
MAC,1996,415100,EAS,income
MAC,1997,417300,EAS,income
MAC,1998,422300,EAS,income
MAC,1999,427400,EAS,income
MAC,2000,430600,EAS,income
MAC,2001,433900,EAS,income
MAC,2002,438400,EAS,income
MAC,2003,443600,EAS,income
MAC,2004,454700,EAS,income
MAC,2005,473500,EAS,income
MAC,2006,498900,EAS,income
MAC,2007,520900,EAS,income
MAC,2008,540700,EAS,income
MAC,2009,535000,EAS,income
MAC,2010,537000,EAS,income
MAC,2011,549600,EAS,income
MAC,2012,567900,EAS,income
MAC,2013,591900,EAS,income
MAC,2014,621700,EAS,income
MAC,2015,642900,EAS,income
MAC,2016,652500,EAS,income
MAC,2017,648400,EAS,income
MAC,2018,658900,EAS,income
MAC,2019,672000,EAS,income
MAC,2020,685400,EAS,income
MAC,2021,682500,EAS,income
MAC,2022,677300,EAS,income
MAC,2023,678800,EAS,income
MAC,2024,687000,EAS,income
MAC,2025,677703,EAS,income
MAC,2026,679364,EAS,income
MAF,1981,8498,LCN,income
MAF,1982,9494,LCN,income
MAF,1983,11485,LCN,income
MAF,1984,13733,LCN,income
MAF,1985,16095,LCN,income
MAF,1986,18558,LCN,income
MAF,1987,21108,LCN,income
MAF,1988,23749,LCN,income
MAF,1989,26453,LCN,income
MAF,1990,28224,LCN,income
MAF,1991,28800,LCN,income
MAF,1992,29081,LCN,income
MAF,1993,29282,LCN,income
MAF,1994,29413,LCN,income
MAF,1995,29470,LCN,income
MAF,1996,29443,LCN,income
MAF,1997,29323,LCN,income
MAF,1998,29107,LCN,income
MAF,1999,29284,LCN,income
MAF,2000,29996,LCN,income
MAF,2001,30803,LCN,income
MAF,2002,31604,LCN,income
MAF,2003,32395,LCN,income
MAF,2004,33171,LCN,income
MAF,2005,33928,LCN,income
MAF,2006,34658,LCN,income
MAF,2007,35337,LCN,income
MAF,2008,35958,LCN,income
MAF,2009,36502,LCN,income
MAF,2010,36856,LCN,income
MAF,2011,37069,LCN,income
MAF,2012,37276,LCN,income
MAF,2013,37419,LCN,income
MAF,2014,37450,LCN,income
MAF,2015,37369,LCN,income
MAF,2016,37175,LCN,income
MAF,2017,36837,LCN,income
MAF,2018,36012,LCN,income
MAF,2019,34267,LCN,income
MAF,2020,31786,LCN,income
MAF,2021,29961,LCN,income
MAF,2022,28870,LCN,income
MAF,2023,27515,LCN,income
MAF,2024,26129,LCN,income
MAF,2025,24941,LCN,income
MAF,2026,23898,LCN,income
MCO,1981,27293,ECS,income
MCO,1982,27561,ECS,income
MCO,1983,27960,ECS,income
MCO,1984,28356,ECS,income
MCO,1985,28731,ECS,income
MCO,1986,29093,ECS,income
MCO,1987,29446,ECS,income
MCO,1988,29781,ECS,income
MCO,1989,30084,ECS,income
MCO,1990,30358,ECS,income
MCO,1991,30625,ECS,income
MCO,1992,30887,ECS,income
MCO,1993,31136,ECS,income
MCO,1994,31375,ECS,income
MCO,1995,31609,ECS,income
MCO,1996,31837,ECS,income
MCO,1997,32063,ECS,income
MCO,1998,32267,ECS,income
MCO,1999,32410,ECS,income
MCO,2000,32455,ECS,income
MCO,2001,32447,ECS,income
MCO,2002,32422,ECS,income
MCO,2003,32374,ECS,income
MCO,2004,32307,ECS,income
MCO,2005,32210,ECS,income
MCO,2006,32057,ECS,income
MCO,2007,31837,ECS,income
MCO,2008,31836,ECS,income
MCO,2009,32364,ECS,income
MCO,2010,33163,ECS,income
MCO,2011,33946,ECS,income
MCO,2012,34711,ECS,income
MCO,2013,35447,ECS,income
MCO,2014,36128,ECS,income
MCO,2015,36757,ECS,income
MCO,2016,37276,ECS,income
MCO,2017,37678,ECS,income
MCO,2018,38154,ECS,income
MCO,2019,38109,ECS,income
MCO,2020,38050,ECS,income
MCO,2021,38527,ECS,income
MCO,2022,38931,ECS,income
MCO,2023,38956,ECS,income
MCO,2024,38631,ECS,income
MCO,2025,38341,ECS,income
MCO,2026,38087,ECS,income
MNP,1981,19826,EAS,consumption
MNP,1982,22350,EAS,consumption
MNP,1983,24936,EAS,consumption
MNP,1984,27575,EAS,consumption
MNP,1985,30258,EAS,consumption
MNP,1986,32980,EAS,consumption
MNP,1987,35736,EAS,consumption
MNP,1988,38519,EAS,consumption
MNP,1989,41303,EAS,consumption
MNP,1990,43342,EAS,consumption
MNP,1991,44393,EAS,consumption
MNP,1992,45181,EAS,consumption
MNP,1993,45952,EAS,consumption
MNP,1994,46730,EAS,consumption
MNP,1995,48176,EAS,income
MNP,1996,51706,EAS,income
MNP,1997,56596,EAS,income
MNP,1998,61337,EAS,income
MNP,1999,65916,EAS,income
MNP,2000,68356,EAS,income
MNP,2001,67984,EAS,income
MNP,2002,66778,EAS,consumption
MNP,2003,65421,EAS,consumption
MNP,2004,63938,EAS,consumption
MNP,2005,62354,EAS,consumption
MNP,2006,60682,EAS,consumption
MNP,2007,58941,EAS,income
MNP,2008,57150,EAS,income
MNP,2009,55325,EAS,income
MNP,2010,54091,EAS,income
MNP,2011,53608,EAS,income
MNP,2012,53234,EAS,income
MNP,2013,52758,EAS,income
MNP,2014,52178,EAS,income
MNP,2015,51514,EAS,income
MNP,2016,50773,EAS,income
MNP,2017,49959,EAS,income
MNP,2018,49077,EAS,income
MNP,2019,48129,EAS,income
MNP,2020,47528,EAS,income
MNP,2021,46979,EAS,income
MNP,2022,46078,EAS,income
MNP,2023,45143,EAS,income
MNP,2024,44278,EAS,income
MNP,2025,43541,EAS,income
MNP,2026,42914,EAS,income
NCL,1981,151441,EAS,consumption
NCL,1982,153001,EAS,consumption
NCL,1983,155003,EAS,consumption
NCL,1984,157583,EAS,consumption
NCL,1985,160234,EAS,consumption
NCL,1986,162898,EAS,consumption
NCL,1987,165650,EAS,consumption
NCL,1988,168502,EAS,consumption
NCL,1989,172029,EAS,consumption
NCL,1990,176456,EAS,consumption
NCL,1991,181238,EAS,consumption
NCL,1992,186072,EAS,consumption
NCL,1993,190857,EAS,consumption
NCL,1994,195614,EAS,consumption
NCL,1995,200379,EAS,income
NCL,1996,205034,EAS,income
NCL,1997,209560,EAS,income
NCL,1998,214047,EAS,income
NCL,1999,218527,EAS,income
NCL,2000,223098,EAS,income
NCL,2001,227707,EAS,income
NCL,2002,232236,EAS,income
NCL,2003,236678,EAS,income
NCL,2004,240852,EAS,income
NCL,2005,244381,EAS,income
NCL,2006,247547,EAS,income
NCL,2007,250725,EAS,income
NCL,2008,253825,EAS,income
NCL,2009,257250,EAS,income
NCL,2010,261582,EAS,income
NCL,2011,266543,EAS,income
NCL,2012,271633,EAS,income
NCL,2013,276822,EAS,income
NCL,2014,281224,EAS,income
NCL,2015,283168,EAS,income
NCL,2016,283423,EAS,income
NCL,2017,283546,EAS,income
NCL,2018,283541,EAS,income
NCL,2019,283606,EAS,income
NCL,2020,284176,EAS,income
NCL,2021,285214,EAS,income
NCL,2022,287123,EAS,income
NCL,2023,289870,EAS,income
NCL,2024,292639,EAS,income
NCL,2025,295333,EAS,income
NCL,2026,297892,EAS,income
NZL,1981,3124900,EAS,income
NZL,1982,3156100,EAS,income
NZL,1983,3199300,EAS,income
NZL,1984,3227100,EAS,income
NZL,1985,3247100,EAS,income
NZL,1986,3246300,EAS,income
NZL,1987,3274400,EAS,income
NZL,1988,3283400,EAS,income
NZL,1989,3299200,EAS,income
NZL,1990,3329800,EAS,income
NZL,1991,3495100,EAS,income
NZL,1992,3531700,EAS,income
NZL,1993,3572200,EAS,income
NZL,1994,3620000,EAS,income
NZL,1995,3673400,EAS,income
NZL,1996,3732000,EAS,income
NZL,1997,3781300,EAS,income
NZL,1998,3815000,EAS,income
NZL,1999,3835100,EAS,income
NZL,2000,3857700,EAS,income
NZL,2001,3880500,EAS,income
NZL,2002,3948500,EAS,income
NZL,2003,4027200,EAS,income
NZL,2004,4087500,EAS,income
NZL,2005,4133900,EAS,income
NZL,2006,4184600,EAS,income
NZL,2007,4223800,EAS,income
NZL,2008,4259800,EAS,income
NZL,2009,4302600,EAS,income
NZL,2010,4350700,EAS,income
NZL,2011,4384000,EAS,income
NZL,2012,4408100,EAS,income
NZL,2013,4442100,EAS,income
NZL,2014,4516500,EAS,income
NZL,2015,4609400,EAS,income
NZL,2016,4714100,EAS,income
NZL,2017,4813600,EAS,income
NZL,2018,4900600,EAS,income
NZL,2019,4970300,EAS,income
NZL,2020,5072400,EAS,income
NZL,2021,5084600,EAS,income
NZL,2022,5081700,EAS,income
NZL,2023,5200000,EAS,income
NZL,2024,5287500,EAS,income
NZL,2025,5322803,EAS,income
NZL,2026,5355784,EAS,income
OMN,1981,1057320,MEA,consumption
OMN,1982,1117678,MEA,consumption
OMN,1983,1181459,MEA,consumption
OMN,1984,1247716,MEA,consumption
OMN,1985,1325480,MEA,consumption
OMN,1986,1413419,MEA,consumption
OMN,1987,1500996,MEA,consumption
OMN,1988,1588568,MEA,consumption
OMN,1989,1676228,MEA,consumption
OMN,1990,1763954,MEA,consumption
OMN,1991,1851473,MEA,consumption
OMN,1992,1938238,MEA,consumption
OMN,1993,2021675,MEA,consumption
OMN,1994,2081834,MEA,consumption
OMN,1995,2120528,MEA,consumption
OMN,1996,2156926,MEA,consumption
OMN,1997,2190720,MEA,consumption
OMN,1998,2222489,MEA,consumption
OMN,1999,2252909,MEA,consumption
OMN,2000,2282131,MEA,consumption
OMN,2001,2310217,MEA,consumption
OMN,2002,2337140,MEA,consumption
OMN,2003,2363796,MEA,consumption
OMN,2004,2404821,MEA,consumption
OMN,2005,2459802,MEA,consumption
OMN,2006,2514795,MEA,consumption
OMN,2007,2570174,MEA,income
OMN,2008,2626529,MEA,income
OMN,2009,2684659,MEA,income
OMN,2010,2757446,MEA,income
OMN,2011,3076763,MEA,income
OMN,2012,3547106,MEA,income
OMN,2013,3833913,MEA,income
OMN,2014,4002439,MEA,income
OMN,2015,4184895,MEA,income
OMN,2016,4390877,MEA,income
OMN,2017,4537396,MEA,income
OMN,2018,4597877,MEA,income
OMN,2019,4591241,MEA,income
OMN,2020,4522497,MEA,income
OMN,2021,4500424,MEA,income
OMN,2022,4730226,MEA,income
OMN,2023,5049269,MEA,income
OMN,2024,5281538,MEA,income
OMN,2025,5494691,MEA,income
OMN,2026,5671458,MEA,income
PLW,1981,12402,EAS,consumption
PLW,1982,12694,EAS,consumption
PLW,1983,13006,EAS,consumption
PLW,1984,13337,EAS,consumption
PLW,1985,13688,EAS,consumption
PLW,1986,14024,EAS,consumption
PLW,1987,14334,EAS,consumption
PLW,1988,14645,EAS,consumption
PLW,1989,14945,EAS,consumption
PLW,1990,15259,EAS,consumption
PLW,1991,15614,EAS,consumption
PLW,1992,15989,EAS,consumption
PLW,1993,16372,EAS,consumption
PLW,1994,16770,EAS,consumption
PLW,1995,17195,EAS,consumption
PLW,1996,17654,EAS,consumption
PLW,1997,18108,EAS,consumption
PLW,1998,18524,EAS,consumption
PLW,1999,18901,EAS,consumption
PLW,2000,19178,EAS,consumption
PLW,2001,19352,EAS,consumption
PLW,2002,19503,EAS,consumption
PLW,2003,19659,EAS,consumption
PLW,2004,19820,EAS,consumption
PLW,2005,19819,EAS,consumption
PLW,2006,19593,EAS,consumption
PLW,2007,19302,EAS,consumption
PLW,2008,19009,EAS,consumption
PLW,2009,18709,EAS,consumption
PLW,2010,18396,EAS,consumption
PLW,2011,18078,EAS,consumption
PLW,2012,17765,EAS,consumption
PLW,2013,17648,EAS,consumption
PLW,2014,17715,EAS,consumption
PLW,2015,17770,EAS,consumption
PLW,2016,17797,EAS,income
PLW,2017,17812,EAS,income
PLW,2018,17814,EAS,income
PLW,2019,17798,EAS,income
PLW,2020,17792,EAS,income
PLW,2021,17783,EAS,consumption
PLW,2022,17759,EAS,consumption
PLW,2023,17727,EAS,income
PLW,2024,17695,EAS,income
PLW,2025,17663,EAS,income
PLW,2026,17614,EAS,income
PRI,1981,3242552,LCN,consumption
PRI,1982,3277453,LCN,consumption
PRI,1983,3311138,LCN,consumption
PRI,1984,3344190,LCN,consumption
PRI,1985,3377000,LCN,consumption
PRI,1986,3409554,LCN,consumption
PRI,1987,3441850,LCN,consumption
PRI,1988,3473898,LCN,consumption
PRI,1989,3505650,LCN,income
PRI,1990,3537000,LCN,consumption
PRI,1991,3562110,LCN,consumption
PRI,1992,3585176,LCN,consumption
PRI,1993,3615497,LCN,consumption
PRI,1994,3649237,LCN,consumption
PRI,1995,3683103,LCN,consumption
PRI,1996,3724655,LCN,consumption
PRI,1997,3759430,LCN,consumption
PRI,1998,3781101,LCN,consumption
PRI,1999,3800081,LCN,consumption
PRI,2000,3810605,LCN,consumption
PRI,2001,3818774,LCN,consumption
PRI,2002,3823701,LCN,income
PRI,2003,3826095,LCN,income
PRI,2004,3826878,LCN,income
PRI,2005,3821362,LCN,income
PRI,2006,3805214,LCN,income
PRI,2007,3782995,LCN,income
PRI,2008,3760866,LCN,income
PRI,2009,3740410,LCN,income
PRI,2010,3724465,LCN,income
PRI,2011,3693464,LCN,income
PRI,2012,3661045,LCN,income
PRI,2013,3631427,LCN,income
PRI,2014,3585017,LCN,income
PRI,2015,3535167,LCN,income
PRI,2016,3480432,LCN,income
PRI,2017,3410837,LCN,income
PRI,2018,3290690,LCN,income
PRI,2019,3302691,LCN,income
PRI,2020,3281590,LCN,income
PRI,2021,3262711,LCN,income
PRI,2022,3220137,LCN,income
PRI,2023,3203792,LCN,income
PRI,2024,3203295,LCN,income
PRI,2025,3191033,LCN,income
PRI,2026,3173878,LCN,income
PRK,1981,18501295,EAS,consumption
PRK,1982,18776357,EAS,consumption
PRK,1983,19054034,EAS,consumption
PRK,1984,19335043,EAS,consumption
PRK,1985,19620388,EAS,consumption
PRK,1986,19910855,EAS,consumption
PRK,1987,20205483,EAS,consumption
PRK,1988,20503161,EAS,consumption
PRK,1989,20804367,EAS,consumption
PRK,1990,21112137,EAS,consumption
PRK,1991,21428638,EAS,consumption
PRK,1992,21750911,EAS,consumption
PRK,1993,22073352,EAS,consumption
PRK,1994,22393975,EAS,consumption
PRK,1995,22669304,EAS,consumption
PRK,1996,22895746,EAS,consumption
PRK,1997,23110830,EAS,consumption
PRK,1998,23311564,EAS,consumption
PRK,1999,23497599,EAS,consumption
PRK,2000,23665910,EAS,consumption
PRK,2001,23815358,EAS,consumption
PRK,2002,23943973,EAS,consumption
PRK,2003,24090380,EAS,consumption
PRK,2004,24254943,EAS,consumption
PRK,2005,24396433,EAS,consumption
PRK,2006,24524507,EAS,consumption
PRK,2007,24646383,EAS,consumption
PRK,2008,24764618,EAS,consumption
PRK,2009,24878332,EAS,consumption
PRK,2010,24987258,EAS,consumption
PRK,2011,25097874,EAS,consumption
PRK,2012,25211728,EAS,consumption
PRK,2013,25329451,EAS,consumption
PRK,2014,25451262,EAS,consumption
PRK,2015,25575350,EAS,consumption
PRK,2016,25698326,EAS,consumption
PRK,2017,25817709,EAS,consumption
PRK,2018,25931147,EAS,consumption
PRK,2019,26037632,EAS,consumption
PRK,2020,26136312,EAS,consumption
PRK,2021,26232534,EAS,consumption
PRK,2022,26328845,EAS,consumption
PRK,2023,26418204,EAS,consumption
PRK,2024,26498823,EAS,consumption
PRK,2025,26571036,EAS,consumption
PRK,2026,26633691,EAS,consumption
PYF,1981,161506,EAS,income
PYF,1982,166646,EAS,income
PYF,1983,171750,EAS,income
PYF,1984,176469,EAS,income
PYF,1985,180988,EAS,income
PYF,1986,185669,EAS,income
PYF,1987,190449,EAS,income
PYF,1988,195193,EAS,income
PYF,1989,199643,EAS,income
PYF,1990,203776,EAS,income
PYF,1991,207744,EAS,income
PYF,1992,211559,EAS,income
PYF,1993,215219,EAS,income
PYF,1994,218738,EAS,income
PYF,1995,222118,EAS,income
PYF,1996,225489,EAS,income
PYF,1997,229121,EAS,income
PYF,1998,232891,EAS,income
PYF,1999,236595,EAS,income
PYF,2000,240337,EAS,income
PYF,2001,244097,EAS,income
PYF,2002,247775,EAS,income
PYF,2003,251637,EAS,income
PYF,2004,255654,EAS,income
PYF,2005,259507,EAS,income
PYF,2006,263223,EAS,income
PYF,2007,266438,EAS,income
PYF,2008,268379,EAS,income
PYF,2009,269481,EAS,income
PYF,2010,270580,EAS,income
PYF,2011,271727,EAS,income
PYF,2012,273084,EAS,income
PYF,2013,274728,EAS,income
PYF,2014,276387,EAS,income
PYF,2015,277866,EAS,income
PYF,2016,279178,EAS,income
PYF,2017,280087,EAS,income
PYF,2018,279815,EAS,income
PYF,2019,279034,EAS,income
PYF,2020,279209,EAS,income
PYF,2021,279792,EAS,income
PYF,2022,280378,EAS,income
PYF,2023,281118,EAS,income
PYF,2024,281807,EAS,income
PYF,2025,282465,EAS,income
PYF,2026,283076,EAS,income
SAU,1981,6420551,MEA,income
SAU,1982,6824486,MEA,income
SAU,1983,7252941,MEA,income
SAU,1984,7697307,MEA,income
SAU,1985,8151779,MEA,income
SAU,1986,8628639,MEA,income
SAU,1987,9130194,MEA,income
SAU,1988,9629165,MEA,income
SAU,1989,10128394,MEA,income
SAU,1990,10640691,MEA,consumption
SAU,1991,11160744,MEA,consumption
SAU,1992,11686676,MEA,consumption
SAU,1993,12215862,MEA,consumption
SAU,1994,12750040,MEA,consumption
SAU,1995,13289245,MEA,consumption
SAU,1996,13831009,MEA,consumption
SAU,1997,14374943,MEA,consumption
SAU,1998,14922185,MEA,consumption
SAU,1999,15472075,MEA,consumption
SAU,2000,16177722,MEA,consumption
SAU,2001,17041397,MEA,consumption
SAU,2002,17910910,MEA,consumption
SAU,2003,18786767,MEA,consumption
SAU,2004,19669480,MEA,income
SAU,2005,20559890,MEA,income
SAU,2006,21459144,MEA,income
SAU,2007,22368313,MEA,income
SAU,2008,23287877,MEA,income
SAU,2009,24217654,MEA,income
SAU,2010,23978487,MEA,income
SAU,2011,25091867,MEA,income
SAU,2012,26168861,MEA,income
SAU,2013,27624004,MEA,income
SAU,2014,28309273,MEA,income
SAU,2015,29816382,MEA,income
SAU,2016,30954198,MEA,income
SAU,2017,30977355,MEA,income
SAU,2018,30196281,MEA,income
SAU,2019,30063799,MEA,income
SAU,2020,31552510,MEA,income
SAU,2021,30784383,MEA,income
SAU,2022,32175224,MEA,income
SAU,2023,33702731,MEA,income
SAU,2024,35300280,MEA,income
SAU,2025,35916992,MEA,income
SAU,2026,36523804,MEA,income
SGP,1981,2532835,EAS,income
SGP,1982,2646466,EAS,income
SGP,1983,2681061,EAS,income
SGP,1984,2732221,EAS,income
SGP,1985,2735957,EAS,income
SGP,1986,2733373,EAS,income
SGP,1987,2774789,EAS,income
SGP,1988,2846108,EAS,income
SGP,1989,2930901,EAS,income
SGP,1990,3047132,EAS,income
SGP,1991,3135083,EAS,income
SGP,1992,3230698,EAS,income
SGP,1993,3313471,EAS,income
SGP,1994,3419048,EAS,income
SGP,1995,3524506,EAS,income
SGP,1996,3670704,EAS,income
SGP,1997,3796038,EAS,income
SGP,1998,3927213,EAS,income
SGP,1999,3958723,EAS,income
SGP,2000,4027887,EAS,income
SGP,2001,4138012,EAS,income
SGP,2002,4175950,EAS,income
SGP,2003,4114826,EAS,income
SGP,2004,4166664,EAS,income
SGP,2005,4265762,EAS,income
SGP,2006,4401365,EAS,income
SGP,2007,4588599,EAS,income
SGP,2008,4839396,EAS,income
SGP,2009,4987573,EAS,income
SGP,2010,5076732,EAS,income
SGP,2011,5183688,EAS,income
SGP,2012,5312437,EAS,income
SGP,2013,5399162,EAS,income
SGP,2014,5469724,EAS,income
SGP,2015,5535002,EAS,income
SGP,2016,5607283,EAS,income
SGP,2017,5612253,EAS,income
SGP,2018,5638676,EAS,income
SGP,2019,5703569,EAS,income
SGP,2020,5685807,EAS,income
SGP,2021,5453566,EAS,income
SGP,2022,5637022,EAS,income
SGP,2023,5917648,EAS,income
SGP,2024,6036860,EAS,income
SGP,2025,6072360,EAS,income
SGP,2026,6104208,EAS,income
SMR,1981,21840,ECS,income
SMR,1982,22055,ECS,income
SMR,1983,22229,ECS,income
SMR,1984,22346,ECS,income
SMR,1985,22485,ECS,income
SMR,1986,22636,ECS,income
SMR,1987,22686,ECS,income
SMR,1988,22843,ECS,income
SMR,1989,23154,ECS,income
SMR,1990,23475,ECS,income
SMR,1991,23797,ECS,income
SMR,1992,24125,ECS,income
SMR,1993,24472,ECS,income
SMR,1994,24823,ECS,income
SMR,1995,25158,ECS,income
SMR,1996,25482,ECS,income
SMR,1997,25800,ECS,income
SMR,1998,26125,ECS,income
SMR,1999,26459,ECS,income
SMR,2000,26799,ECS,income
SMR,2001,27143,ECS,income
SMR,2002,27491,ECS,income
SMR,2003,27843,ECS,income
SMR,2004,29457,ECS,income
SMR,2005,29836,ECS,income
SMR,2006,30184,ECS,income
SMR,2007,31211,ECS,income
SMR,2008,31662,ECS,income
SMR,2009,33066,ECS,income
SMR,2010,33270,ECS,income
SMR,2011,32620,ECS,income
SMR,2012,33469,ECS,income
SMR,2013,33041,ECS,income
SMR,2014,32655,ECS,income
SMR,2015,32897,ECS,income
SMR,2016,33101,ECS,income
SMR,2017,33825,ECS,income
SMR,2018,34522,ECS,income
SMR,2019,34663,ECS,income
SMR,2020,34770,ECS,income
SMR,2021,34252,ECS,income
SMR,2022,33755,ECS,income
SMR,2023,33860,ECS,income
SMR,2024,33977,ECS,income
SMR,2025,33968,ECS,income
SMR,2026,34001,ECS,income
SOM,1981,5982849,SSF,consumption
SOM,1982,6003840,SSF,consumption
SOM,1983,6198430,SSF,consumption
SOM,1984,6428389,SSF,consumption
SOM,1985,6693289,SSF,consumption
SOM,1986,6974788,SSF,consumption
SOM,1987,7228302,SSF,consumption
SOM,1988,7235360,SSF,consumption
SOM,1989,7114817,SSF,consumption
SOM,1990,7082811,SSF,consumption
SOM,1991,6813760,SSF,consumption
SOM,1992,6495107,SSF,consumption
SOM,1993,6681399,SSF,consumption
SOM,1994,7026797,SSF,consumption
SOM,1995,7285007,SSF,consumption
SOM,1996,7554474,SSF,consumption
SOM,1997,7824525,SSF,consumption
SOM,1998,8155417,SSF,consumption
SOM,1999,8492059,SSF,consumption
SOM,2000,8838713,SSF,consumption
SOM,2001,9198493,SSF,consumption
SOM,2002,9550063,SSF,consumption
SOM,2003,9909157,SSF,consumption
SOM,2004,10280998,SSF,consumption
SOM,2005,10644228,SSF,consumption
SOM,2006,10975502,SSF,consumption
SOM,2007,11322582,SSF,consumption
SOM,2008,11663084,SSF,consumption
SOM,2009,11961201,SSF,consumption
SOM,2010,12261756,SSF,consumption
SOM,2011,12348830,SSF,consumption
SOM,2012,12461160,SSF,consumption
SOM,2013,12869594,SSF,consumption
SOM,2014,13339491,SSF,consumption
SOM,2015,13806963,SSF,consumption
SOM,2016,14348740,SSF,consumption
SOM,2017,14916629,SSF,consumption
SOM,2018,15452487,SSF,consumption
SOM,2019,16030971,SSF,consumption
SOM,2020,16651191,SSF,consumption
SOM,2021,17271431,SSF,consumption
SOM,2022,17801897,SSF,consumption
SOM,2023,18358615,SSF,consumption
SOM,2024,19009151,SSF,consumption
SOM,2025,19654739,SSF,consumption
SOM,2026,20305907,SSF,consumption
SSD,1981,4447272,SSF,consumption
SSD,1982,4557686,SSF,consumption
SSD,1983,4661574,SSF,consumption
SSD,1984,4750627,SSF,consumption
SSD,1985,4834296,SSF,consumption
SSD,1986,4921240,SSF,consumption
SSD,1987,4962395,SSF,consumption
SSD,1988,4848029,SSF,consumption
SSD,1989,4713229,SSF,consumption
SSD,1990,4737633,SSF,consumption
SSD,1991,4836677,SSF,consumption
SSD,1992,4909749,SSF,consumption
SSD,1993,4956002,SSF,consumption
SSD,1994,5071184,SSF,consumption
SSD,1995,5225836,SSF,consumption
SSD,1996,5356925,SSF,consumption
SSD,1997,5509136,SSF,consumption
SSD,1998,5620068,SSF,consumption
SSD,1999,5771628,SSF,consumption
SSD,2000,6032267,SSF,consumption
SSD,2001,6308391,SSF,consumption
SSD,2002,6596806,SSF,consumption
SSD,2003,6903127,SSF,consumption
SSD,2004,7233041,SSF,consumption
SSD,2005,7590143,SSF,consumption
SSD,2006,7976526,SSF,consumption
SSD,2007,8388788,SSF,consumption
SVK,1981,5016105,ECS,consumption
SVK,1982,5055099,ECS,consumption
SVK,1983,5091971,ECS,consumption
SVK,1984,5127097,ECS,consumption
SXM,1981,13302,LCN,income
SXM,1982,14607,LCN,income
SXM,1983,16133,LCN,income
SXM,1984,17694,LCN,income
SXM,1985,19291,LCN,income
SXM,1986,20930,LCN,income
SXM,1987,22617,LCN,income
SXM,1988,24357,LCN,income
SXM,1989,26169,LCN,income
SXM,1990,28061,LCN,income
SXM,1991,30046,LCN,income
SXM,1992,31567,LCN,income
SXM,1993,32026,LCN,income
SXM,1994,31917,LCN,income
SXM,1995,31772,LCN,income
SXM,1996,31598,LCN,income
SXM,1997,31404,LCN,income
SXM,1998,31193,LCN,income
SXM,1999,30977,LCN,income
SXM,2000,30773,LCN,income
SXM,2001,30726,LCN,income
SXM,2002,30960,LCN,income
SXM,2003,31327,LCN,income
SXM,2004,31690,LCN,income
SXM,2005,32057,LCN,income
SXM,2006,32428,LCN,income
SXM,2007,32791,LCN,income
SXM,2008,33145,LCN,income
SXM,2009,33491,LCN,income
SXM,2010,33794,LCN,income
SXM,2011,34267,LCN,income
SXM,2012,35023,LCN,income
SXM,2013,35854,LCN,income
SXM,2014,36672,LCN,income
SXM,2015,37471,LCN,income
SXM,2016,38249,LCN,income
SXM,2017,38996,LCN,income
SXM,2018,39712,LCN,income
SXM,2019,40385,LCN,income
SXM,2020,41008,LCN,income
SXM,2021,41571,LCN,income
SXM,2022,42139,LCN,income
SXM,2023,42749,LCN,income
SXM,2024,43350,LCN,income
SXM,2025,43923,LCN,income
SXM,2026,44447,LCN,income
TCA,1981,7908,LCN,income
TCA,1982,8297,LCN,income
TCA,1983,8697,LCN,income
TCA,1984,9107,LCN,income
TCA,1985,9521,LCN,income
TCA,1986,9941,LCN,income
TCA,1987,10361,LCN,income
TCA,1988,10775,LCN,income
TCA,1989,11193,LCN,income
TCA,1990,11688,LCN,income
TCA,1991,12305,LCN,income
TCA,1992,12970,LCN,income
TCA,1993,13648,LCN,income
TCA,1994,14344,LCN,income
TCA,1995,15052,LCN,income
TCA,1996,15765,LCN,income
TCA,1997,16482,LCN,income
TCA,1998,17212,LCN,income
TCA,1999,17959,LCN,income
TCA,2000,18730,LCN,income
TCA,2001,19576,LCN,income
TCA,2002,20597,LCN,income
TCA,2003,21727,LCN,income
TCA,2004,22856,LCN,income
TCA,2005,23988,LCN,income
TCA,2006,25123,LCN,income
TCA,2007,26270,LCN,income
TCA,2008,27427,LCN,income
TCA,2009,28588,LCN,income
TCA,2010,29739,LCN,income
TCA,2011,30846,LCN,income
TCA,2012,32127,LCN,income
TCA,2013,33653,LCN,income
TCA,2014,35050,LCN,income
TCA,2015,36605,LCN,income
TCA,2016,38315,LCN,income
TCA,2017,39913,LCN,income
TCA,2018,41559,LCN,income
TCA,2019,43166,LCN,income
TCA,2020,44386,LCN,income
TCA,2021,45243,LCN,income
TCA,2022,45847,LCN,income
TCA,2023,46198,LCN,income
TCA,2024,46535,LCN,income
TCA,2025,46855,LCN,income
TCA,2026,47148,LCN,income
TLS,1981,660493,EAS,consumption
TLS,1982,669149,EAS,consumption
TLS,1983,677707,EAS,consumption
TLS,1984,686777,EAS,consumption
TLS,1985,696665,EAS,consumption
TLS,1986,707185,EAS,consumption
TLS,1987,718476,EAS,consumption
TLS,1988,730745,EAS,consumption
TLS,1989,744856,EAS,consumption
VCT,1981,105073,LCN,consumption
VCT,1982,105969,LCN,consumption
VCT,1983,106838,LCN,consumption
VCT,1984,107687,LCN,consumption
VCT,1985,108506,LCN,consumption
VCT,1986,109281,LCN,consumption
VCT,1987,110001,LCN,consumption
VCT,1988,110658,LCN,consumption
VCT,1989,111272,LCN,consumption
VCT,1990,111812,LCN,consumption
VCT,1991,112222,LCN,consumption
VCT,1992,112509,LCN,consumption
VCT,1993,112735,LCN,consumption
VCT,1994,112918,LCN,consumption
VCT,1995,113047,LCN,consumption
VCT,1996,113119,LCN,consumption
VCT,1997,113141,LCN,consumption
VCT,1998,113180,LCN,consumption
VCT,1999,113366,LCN,consumption
VCT,2000,113545,LCN,consumption
VCT,2001,113501,LCN,consumption
VCT,2002,113347,LCN,consumption
VCT,2003,113141,LCN,consumption
VCT,2004,112835,LCN,consumption
VCT,2005,112450,LCN,consumption
VCT,2006,112014,LCN,consumption
VCT,2007,111531,LCN,consumption
VCT,2008,111028,LCN,consumption
VCT,2009,110508,LCN,consumption
VCT,2010,109959,LCN,consumption
VCT,2011,109349,LCN,consumption
VCT,2012,108736,LCN,consumption
VCT,2013,108135,LCN,consumption
VCT,2014,107535,LCN,consumption
VCT,2015,106960,LCN,consumption
VCT,2016,106349,LCN,consumption
VCT,2017,105663,LCN,consumption
VCT,2018,104926,LCN,consumption
VCT,2019,104167,LCN,consumption
VCT,2020,103526,LCN,consumption
VCT,2021,102841,LCN,consumption
VCT,2022,102046,LCN,consumption
VCT,2023,101323,LCN,consumption
VCT,2024,100616,LCN,consumption
VCT,2025,99924,LCN,consumption
VCT,2026,99245,LCN,consumption
VEN,2015,30573972,LCN,consumption
VEN,2016,30765720,LCN,consumption
VEN,2017,30565323,LCN,consumption
VEN,2018,29807592,LCN,consumption
VEN,2019,28938098,LCN,consumption
VEN,2020,28444077,LCN,consumption
VEN,2021,28237826,LCN,consumption
VEN,2022,28213017,LCN,consumption
VEN,2023,28300854,LCN,consumption
VEN,2024,28405543,LCN,consumption
VEN,2025,28516896,LCN,consumption
VEN,2026,28633711,LCN,consumption
VGB,1981,11479,LCN,income
VGB,1982,11921,LCN,income
VGB,1983,12370,LCN,income
VGB,1984,12820,LCN,income
VGB,1985,13269,LCN,income
VGB,1986,13726,LCN,income
VGB,1987,14194,LCN,income
VGB,1988,14680,LCN,income
VGB,1989,15180,LCN,income
VGB,1990,15704,LCN,income
VGB,1991,16187,LCN,income
VGB,1992,16593,LCN,income
VGB,1993,16989,LCN,income
VGB,1994,17406,LCN,income
VGB,1995,17840,LCN,income
VGB,1996,18287,LCN,income
VGB,1997,18756,LCN,income
VGB,1998,19238,LCN,income
VGB,1999,19730,LCN,income
VGB,2000,20241,LCN,income
VGB,2001,20796,LCN,income
VGB,2002,21430,LCN,income
VGB,2003,22134,LCN,income
VGB,2004,22881,LCN,income
VGB,2005,23665,LCN,income
VGB,2006,24493,LCN,income
VGB,2007,25366,LCN,income
VGB,2008,26288,LCN,income
VGB,2009,27218,LCN,income
VGB,2010,27675,LCN,income
VGB,2011,28710,LCN,income
VGB,2012,30345,LCN,income
VGB,2013,31703,LCN,income
VGB,2014,32962,LCN,income
VGB,2015,34498,LCN,income
VGB,2016,33878,LCN,income
VGB,2017,32699,LCN,income
VGB,2018,34657,LCN,income
VGB,2019,36395,LCN,income
VGB,2020,37135,LCN,income
VGB,2021,37809,LCN,income
VGB,2022,38319,LCN,income
VGB,2023,38985,LCN,income
VGB,2024,39471,LCN,income
VGB,2025,39732,LCN,income
VGB,2026,39936,LCN,income
VIR,1981,99853,LCN,income
VIR,1982,100068,LCN,income
VIR,1983,100348,LCN,income
VIR,1984,100600,LCN,income
VIR,1985,100760,LCN,income
VIR,1986,100842,LCN,income
VIR,1987,100901,LCN,income
VIR,1988,100952,LCN,income
VIR,1989,101041,LCN,income
VIR,1990,103963,LCN,income
VIR,1991,104807,LCN,income
VIR,1992,105712,LCN,income
VIR,1993,106578,LCN,income
VIR,1994,107318,LCN,income
VIR,1995,107818,LCN,income
VIR,1996,108095,LCN,income
VIR,1997,108357,LCN,income
VIR,1998,108537,LCN,income
VIR,1999,108599,LCN,income
VIR,2000,108642,LCN,income
VIR,2001,108549,LCN,income
VIR,2002,108509,LCN,income
VIR,2003,108505,LCN,income
VIR,2004,108466,LCN,income
VIR,2005,108453,LCN,income
VIR,2006,108369,LCN,income
VIR,2007,108337,LCN,income
VIR,2008,108397,LCN,income
VIR,2009,108404,LCN,income
VIR,2010,108357,LCN,income
VIR,2011,108290,LCN,income
VIR,2012,108188,LCN,income
VIR,2013,108041,LCN,income
VIR,2014,107882,LCN,income
VIR,2015,107712,LCN,income
VIR,2016,107516,LCN,income
VIR,2017,107281,LCN,income
VIR,2018,107001,LCN,income
VIR,2019,106669,LCN,income
VIR,2020,106290,LCN,income
VIR,2021,105870,LCN,income
VIR,2022,105413,LCN,income
VIR,2023,104917,LCN,income
VIR,2024,104377,LCN,income
VIR,2025,103513,LCN,income
VIR,2026,102634,LCN,income
XKX,1981,1646565,ECS,consumption
XKX,1982,1683166,ECS,consumption
XKX,1983,1719245,ECS,consumption
XKX,1984,1756818,ECS,consumption
XKX,1985,1796018,ECS,consumption
XKX,1986,1836972,ECS,consumption
XKX,1987,1880590,ECS,consumption
XKX,1988,1917882,ECS,consumption
XKX,1989,1946339,ECS,consumption
XKX,1990,1973790,ECS,consumption
XKX,1991,2005362,ECS,consumption
XKX,1992,2039723,ECS,consumption
XKX,1993,2072664,ECS,consumption
XKX,1994,2105256,ECS,consumption
XKX,1995,2137514,ECS,consumption
XKX,1996,2168753,ECS,consumption
XKX,1997,2197284,ECS,consumption
XKX,1998,2078964,ECS,consumption
XKX,1999,1871524,ECS,consumption